{
  "frontend/js/browse.js": 1776267643.6673877,
  "frontend/js/env.js": 1776266174.8627684,
  "frontend/js/add.js": 1776267645.7011902,
  "frontend/js/home.js": 1776267641.6563063,
  "frontend/js/api.js": 1776266359.4189517,
  "frontend/js/app.js": 1776267627.1687627,
  "backend/src/main/java/com/reelvault/ReelVaultApplication.java": 1776265835.5371501,
  "backend/src/main/java/com/reelvault/dto/SearchResultDto.java": 1776265873.5875163,
  "backend/src/main/java/com/reelvault/dto/ItemRequest.java": 1776267515.4485686,
  "backend/src/main/java/com/reelvault/dto/SearchRequest.java": 1776265871.5820405,
  "backend/src/main/java/com/reelvault/repository/KnowledgeItemRepository.java": 1776267536.104884,
  "backend/src/main/java/com/reelvault/util/VectorUtils.java": 1776267551.9456446,
  "backend/src/main/java/com/reelvault/config/CorsConfig.java": 1776267513.4420555,
  "backend/src/main/java/com/reelvault/controller/SearchController.java": 1776266040.7095604,
  "backend/src/main/java/com/reelvault/controller/ItemController.java": 1776267709.5225844,
  "backend/src/main/java/com/reelvault/model/KnowledgeItem.java": 1776267541.8666725,
  "backend/src/main/java/com/reelvault/service/EmbeddingService.java": 1776267450.9395075,
  "backend/src/main/java/com/reelvault/service/SearchService.java": 1776267574.842789,
  "backend/src/main/java/com/reelvault/service/TelegramBotService.java": 1776267505.8756309,
  "backend/src/main/java/com/reelvault/service/ItemService.java": 1776267708.1709902,
  "GRAPHIFY_GUIDE.md": 1776363602.520671,
  "README.md": 1776266509.4654548,
  "GRAPHIFY_ANTIGRAVITY_GUIDE.md": 1776364383.1158993,
  "V1_Document.md": 1776268214.2502491
}